Person ID,attendence_count,pot_attendence_count,attendence_rate
1000010,4,5,80.0
1000020,8,9,88.88888888888889
1000040_00,2,2,100.0
1000050,2,2,100.0
1000100,3,5,60.0
1000120,3,4,75.0
1000170,1,2,50.0
1000200,1,2,50.0
1000210,7,8,87.5
1000220,5,6,83.33333333333334
