Person ID,attendence_count,pot_attendence_count,attendence_rate
1000030,3,3,100.0
1000040_00,5,5,100.0
1000050,1,4,25.0
1000070,3,3,100.0
1000090,2,5,40.0
1000130,4,5,80.0
1000160,8,13,61.53846153846154
1000170,4,5,80.0
1000180,4,7,57.14285714285714
1000190,4,4,100.0
1000200,10,11,90.9090909090909
1000210,2,2,100.0
1000220,1,3,33.33333333333333
