Person ID,attendence_count,pot_attendence_count,attendence_rate
1000050,1,4,25.0
1000090,2,5,40.0
1000180,4,7,57.14285714285714
1000220,1,3,33.33333333333333
